{"Bhatsa": 2.731912, "tansa": 19.022640000000003, "middleV": 1.7851600000000003, "modaksagar": 7.215000000000001, "tulsi": 1.336878, "upperV": 1.349228, "vihar": 28.932800000000004}